Nombre,Telefono,Pais,Ocupacion
Ruperta Craggs,595-759-3638,China,Chemical Engineer
Maire Domnick,863-370-5861,United Kingdom,Programmer I
Lorri Rosenbarg,905-885-1028,Canada,Social Worker
Orion Scarlan,555-609-7729,Indonesia,Help Desk Operator
Francisco Armatage,189-985-8439,China,Dental Hygienist
Eyde Garralts,142-844-8348,Indonesia,Software Consultant
Clara Bridges,196-345-3605,Finland,Food Chemist
Gibbie Kleinsmuntz,149-310-3943,Sweden,Environmental Specialist
Westley Mayor,145-946-4275,Dominican Republic,Account Coordinator
Ines Delmage,675-466-7624,Syria,Electrical Engineer
Giacobo Snarr,152-295-6243,Russia,Food Chemist
Ruperto Silkston,516-324-6713,Colombia,Research Assistant IV
Melessa Wilkin,366-285-4200,China,Payment Adjustment Coordinator
Sean McEntegart,726-268-0626,Poland,Paralegal
Windham MacNair,629-905-0712,Chile,Product Engineer
Harmonie Clausson,324-552-7114,South Africa,Engineer II
Fons Arendsen,269-976-6168,Russia,Biostatistician IV
Myrilla Van der Kruis,793-176-3373,Ukraine,Environmental Tech
Davida Verlander,520-785-9819,China,Associate Professor
Derward Kubasek,561-860-0127,Cuba,Statistician II
Natalee Geerits,322-425-8303,Guatemala,Compensation Analyst
Chandler Fairbrass,383-965-5372,Pakistan,Civil Engineer
Alberik Feighney,332-630-5146,Japan,Account Coordinator
Gordy Keveren,951-323-5155,Brazil,Computer Systems Analyst I
Andras Slyne,965-247-9066,Indonesia,Analyst Programmer
Sheffield Riccione,999-805-5829,Russia,Librarian
Janeen Jurisch,396-244-2166,Serbia,Systems Administrator II
Mathe Kilgrew,490-541-6536,Cameroon,VP Product Management
Kelsi Brickhill,343-917-8391,Indonesia,Professor
Dale Delgardillo,383-465-9034,Palestinian Territory,Structural Engineer
Lilla Eddies,538-187-0508,South Africa,Quality Engineer
Jonell MacInerney,563-222-2984,China,Paralegal
Lucais Owen,226-688-0338,Sweden,Senior Sales Associate
Cobb Dedenham,146-962-0608,China,Librarian
Tracee Onians,225-270-8104,Russia,VP Quality Control
Rutger Josskovitz,655-400-2665,Poland,Human Resources Assistant III
Retha Virgin,577-506-2071,Kuwait,Associate Professor
Derk Grisewood,413-619-4597,United States,Mechanical Systems Engineer
Harriet Passie,992-486-4519,China,Payment Adjustment Coordinator
Tucky Nizet,526-592-0306,Indonesia,Director of Sales
Nathanael Child,695-223-2902,Sweden,Quality Engineer
Arthur Elner,146-638-2005,Greece,Senior Cost Accountant
Laurene Eardley,629-641-4233,Portugal,Computer Systems Analyst III
Hort Gatling,305-807-6512,Russia,Quality Engineer
Arthur Gillott,336-505-3778,Portugal,Safety Technician III
Archibaldo Cogan,659-380-5758,Libya,Research Nurse
Alford Drummond,413-172-8079,China,Recruiter
Billie Bapty,596-340-3710,Indonesia,General Manager
Jeniffer Haith,743-800-9767,Ukraine,Statistician IV
Jeanie Vardon,922-232-2949,China,Senior Quality Engineer
Mora Augustin,993-483-6839,Philippines,Safety Technician IV
Leonanie Clemett,348-940-0047,Poland,VP Accounting
Ingra Cranham,907-239-9061,China,Senior Editor
Bernadina Domenc,488-642-9403,Philippines,Database Administrator I
Conny Chasteney,656-202-2435,Philippines,Occupational Therapist
Dixie Bannard,331-719-0782,Kosovo,Chemical Engineer
Katusha Tomsett,377-454-1041,Brazil,Compensation Analyst
Eldon Rehor,130-456-7574,Malta,Research Assistant II
Berky Athridge,682-504-1109,Russia,Accounting Assistant IV
Lauraine Parsisson,783-819-4781,United Kingdom,Sales Associate
Gillan Milburn,602-968-2936,Vietnam,Health Coach III
Sadie Godar,356-749-1772,Indonesia,Product Engineer
Dominic Esel,511-428-0574,Brazil,Analog Circuit Design manager
Marcellina Minget,467-835-0996,Sweden,Staff Scientist
Les Housden,375-208-4605,Afghanistan,Quality Engineer
Lion Ponnsett,851-510-8401,Philippines,Assistant Media Planner
Al Novotne,577-445-0782,China,Senior Financial Analyst
Brannon Kunze,368-789-3518,Russia,Analog Circuit Design manager
Giffard Alti,314-692-3256,Colombia,Payment Adjustment Coordinator
Cherry Pelling,330-845-2328,South Korea,Marketing Manager
Wallis Kermon,826-470-3034,Tuvalu,Environmental Tech
Blinny Ridett,821-337-2966,Poland,Help Desk Operator
Marcos Ganiclef,211-380-1604,Bulgaria,Staff Scientist
Vic Carabine,228-238-9628,China,Graphic Designer
Kiah Coping,474-483-1972,Russia,Electrical Engineer
Claudina Floris,628-493-0336,China,Sales Associate
Liva Crippill,722-907-9094,Indonesia,Quality Engineer
Colin Cocker,922-506-3793,Peru,Cost Accountant
Curcio Vinton,963-272-5933,Poland,VP Marketing
Orlando Scandrite,729-384-4397,Pakistan,Paralegal
Ariel Keelan,225-679-9293,Philippines,Project Manager
Manon Beakes,461-412-4588,Afghanistan,Social Worker
Bess Coltart,825-241-9931,Brazil,Software Engineer III
Rodolph Riccioppo,246-582-9156,Japan,Design Engineer
Darryl Force,870-209-2857,Russia,Chief Design Engineer
Towney Puckey,254-466-9132,Poland,Teacher
Luce Townson,874-291-1257,Colombia,Web Developer IV
Jeffie Cleary,716-224-4323,Libya,Computer Systems Analyst II
Phillipe Neasham,453-816-3933,Ireland,Senior Developer
Adam Dunkerly,457-388-1760,Malaysia,Recruiter
Skip Garrud,120-866-8899,Russia,Engineer II
Brigitta Rushford,561-319-5704,Philippines,Executive Secretary
Bree Pead,845-980-3944,Greece,Nuclear Power Engineer
Sianna Wallbanks,769-632-1464,China,VP Product Management
Alard Mateuszczyk,963-598-8065,Yemen,Assistant Media Planner
Kristina Denison,691-181-8616,Thailand,Mechanical Systems Engineer
Tye Utley,108-489-9589,Russia,Budget/Accounting Analyst II
Caty Kittles,825-914-7788,Portugal,Assistant Media Planner
Emmanuel McCarrick,544-458-0050,Poland,Mechanical Systems Engineer
Emmeline Whight,229-108-1995,Greece,Web Developer IV
Mei Halksworth,643-340-6518,South Africa,Editor
Melesa Musk,575-207-0468,Jordan,Accounting Assistant I
Zita Leverett,921-583-6895,China,Accounting Assistant III
Joelynn Golde,570-247-3442,Portugal,Assistant Manager
Tarah Molesworth,899-987-0160,Costa Rica,Staff Scientist
Baron Tomes,427-143-1855,Portugal,Account Representative III
Arline Scare,555-710-4697,China,Programmer Analyst I
Vyky Skillen,554-534-3882,Russia,Senior Developer
Karmen Gligoraci,951-960-2223,Indonesia,Quality Control Specialist
Broddie Castell,109-179-6813,Poland,Environmental Tech
Nathanil Pischoff,463-164-2410,Indonesia,Office Assistant II
Britt Caro,656-379-6649,Russia,Editor
Herman Conrad,437-410-8743,Brazil,Mechanical Systems Engineer
Jarred Bensley,918-841-3709,Brazil,Human Resources Assistant II
Frederik Westgarth,396-865-1793,Sweden,Structural Analysis Engineer
Winnie Olrenshaw,682-106-6127,Serbia,Software Test Engineer II
Rube Cranham,415-347-0420,Russia,General Manager
Llywellyn Rasher,671-879-1904,Indonesia,Junior Executive
Dottie Boshard,306-961-1308,Brazil,Senior Cost Accountant
Theobald Niland,872-282-7876,Syria,Research Nurse
Dorie Losbie,746-948-5876,China,Statistician IV
Allsun Tavner,308-659-3277,Czech Republic,Staff Scientist
Clare Muncie,457-683-9803,Canada,Technical Writer
Isacco Catherine,734-589-2986,France,Sales Representative
Phaidra Ouldcott,267-674-6812,Indonesia,Occupational Therapist
Brien Lougheed,203-190-4254,Poland,Automation Specialist II
Kienan Baudins,177-634-3513,Netherlands,Structural Engineer
Desiree Dobney,471-334-0728,Egypt,Paralegal
Margret Bream,478-453-6639,China,Senior Editor
Eyde Fisbey,236-526-5165,Indonesia,Account Executive
Darby Rosendale,599-451-5689,Brazil,VP Sales
Paulo Kaygill,375-976-2778,Palestinian Territory,VP Accounting
Luelle Landers,805-366-2911,Ivory Coast,Quality Engineer
Ted Stud,858-845-8388,Czech Republic,Civil Engineer
Muriel Whittlesey,440-871-1865,Indonesia,Senior Quality Engineer
Corene Giovannoni,272-261-7128,Russia,Senior Editor
Gunther Rowlings,404-808-4921,Russia,Analyst Programmer
Bald Addicote,253-105-9952,China,Tax Accountant
Elly Vigneron,225-395-3065,Indonesia,Payment Adjustment Coordinator
Nicki Albert,601-201-7014,Bolivia,Teacher
Coriss Abraham,551-656-5071,Indonesia,Junior Executive
Val Keenleyside,528-756-1980,China,Nurse Practicioner
Nerti Jakubovsky,877-586-5416,Philippines,Structural Engineer
Merline Gorgl,506-807-9629,China,Operator
Arlen Donnett,665-834-1836,Peru,Chemical Engineer
Ethel Cuss,149-482-0080,China,Engineer IV
Aurilia Blacker,485-429-8990,Canada,Safety Technician III
Hedwig Sartain,385-486-9950,Thailand,Cost Accountant
Sheff Darlaston,848-211-2972,Russia,Nurse Practicioner
Camellia Fennick,141-872-1227,Philippines,Nuclear Power Engineer
Horatius Reddell,601-440-0774,Angola,Desktop Support Technician
Cynthie Dalzell,183-967-4193,Czech Republic,Senior Cost Accountant
Way Brimman,132-669-3745,France,Senior Developer
Tommie Fairbourne,540-225-7890,China,Health Coach III
Verile Feore,723-593-3008,Russia,Paralegal
Reynold Fewster,102-499-8811,Japan,Physical Therapy Assistant
Say Rickford,439-296-2965,Panama,Web Designer II
Eartha Laurie,296-351-9142,Indonesia,Senior Quality Engineer
Ambrose Folliss,709-176-5019,Iran,Operator
Jermaine Dingate,631-834-5788,Indonesia,VP Product Management
Quinn Hetterich,744-722-8259,Egypt,Design Engineer
Francyne Cupper,458-741-9960,China,Research Associate
Marj Jaeggi,477-748-8112,Portugal,Actuary
Ray Kleis,239-430-2542,Czech Republic,Business Systems Development Analyst
Domenic Skipperbottom,662-992-5963,Japan,Marketing Manager
Meier Denisyev,221-613-8416,Slovenia,Paralegal
Vonnie Carnew,571-988-5146,Poland,VP Sales
Diarmid Shilstone,920-542-1499,Philippines,Nuclear Power Engineer
Coleman Probbings,885-234-0214,China,Statistician I
Godfry Headington,530-328-9968,Estonia,Occupational Therapist
Ernie Rolls,705-238-8446,Nigeria,Engineer II
Lizzy Benedit,115-729-3992,South Africa,Registered Nurse
Orion Cattellion,984-691-2994,Indonesia,Paralegal
Garrett Twiddell,474-115-0711,Portugal,Community Outreach Specialist
Irvin Ipsgrave,246-976-9503,Portugal,Pharmacist
Trix Leither,367-753-3205,China,Senior Cost Accountant
Jeanine Bartelot,733-414-0411,Philippines,Database Administrator I
Drud Courtese,620-892-4131,China,Marketing Manager
Ichabod Raistrick,103-514-0563,Belarus,Information Systems Manager
Troy Sheehan,273-868-6873,Russia,Junior Executive
Thom Krolik,335-243-3112,Indonesia,Biostatistician IV
Kaiser Giordano,244-126-7637,Benin,Database Administrator III
Clevie Maplethorpe,276-325-7587,China,Administrative Officer
Kellsie Bucklee,328-144-9629,Nigeria,Senior Editor
Burnard Noore,554-534-1540,Russia,Financial Advisor
Naomi Pudding,970-776-6331,Russia,Pharmacist
Jeremy Ozanne,536-487-3235,Indonesia,Systems Administrator II
Hermie Godain,561-654-3934,Brazil,Director of Sales
Ram MacKenney,432-458-2345,Taiwan,Assistant Media Planner
Fanny Rodson,914-638-6693,Philippines,Software Consultant
Cristian Comar,812-715-3109,China,Physical Therapy Assistant
Sibley Matussow,825-990-3648,China,Senior Editor
Jodee Cazin,821-799-0350,Czech Republic,Research Associate
Amelia Bougourd,879-149-6977,China,Cost Accountant
Jana Chartre,381-510-3239,Philippines,Software Engineer IV
Romy Bauduccio,898-907-3841,Indonesia,Analyst Programmer
Forrest Hadleigh,364-513-3785,Poland,Sales Representative
Tod Craighall,463-485-9726,Liberia,Assistant Manager
Arliene Walsh,404-377-0873,Bahrain,Sales Associate
Roarke Wadmore,689-772-0115,France,Research Associate
Ricca Huffey,895-393-5455,Finland,Web Designer I
Saree Wallbutton,486-303-0542,French Polynesia,Geological Engineer
Cob Currer,449-948-5821,Indonesia,Safety Technician III
Lanni Aleksic,723-947-8276,Thailand,Teacher
Federica Barlass,666-758-0877,Brazil,Structural Engineer
Marvin Floyde,591-250-0955,France,Geologist II
Yettie Hearsum,352-352-7070,Ethiopia,Safety Technician I
Arte Aime,581-317-8498,Canada,Environmental Specialist
Abbie McDaid,366-795-3886,China,Human Resources Manager
Noel Queripel,924-836-2261,Russia,Environmental Specialist
Freddy Tresise,337-557-9275,United Kingdom,Desktop Support Technician
Rori O'Deegan,545-403-0906,France,Analyst Programmer
Myles Islip,265-902-9313,Czech Republic,Engineer IV
Dani Lathey,276-238-3833,Kosovo,Product Engineer
Harald Nowell,633-226-6952,Brazil,General Manager
Robbyn Swancott,661-402-1767,Latvia,Staff Accountant IV
Seth Cheeseman,690-467-2602,China,Health Coach III
Arabele Binstead,713-165-0866,China,Executive Secretary
Darci Duddell,673-389-8457,Sweden,Clinical Specialist
John Tyrone,721-147-4588,Indonesia,Quality Engineer
Arluene Doumer,716-386-6747,Indonesia,Physical Therapy Assistant
Micheline Wykey,495-759-0510,Russia,Design Engineer
Aleen Joselevitz,807-315-7055,Sweden,Junior Executive
Therese Paradis,793-509-6678,Kazakhstan,Senior Quality Engineer
Gabie Witcomb,819-373-6009,Indonesia,Account Representative II
Kristopher Boutflour,701-969-7739,Armenia,Software Consultant
Bowie Tether,983-546-1980,China,Geologist II
Frans Puttick,213-145-8719,Russia,Quality Engineer
Wandie Ruf,200-853-6697,Malaysia,Clinical Specialist
Ddene Rissom,902-826-8974,Philippines,Research Associate
Gregoor Dixey,639-617-9308,Philippines,Assistant Manager
Dewain Imeson,235-619-5834,Poland,Registered Nurse
Hew Linnell,187-498-1013,China,Analog Circuit Design manager
Pat Reagan,272-110-1187,Brazil,Civil Engineer
Hersch Haugg,575-455-9843,Indonesia,Speech Pathologist
Viviene Field,626-663-8468,Iran,Legal Assistant
Alfy Chew,799-204-1977,Canada,Payment Adjustment Coordinator
Raphaela MacKintosh,125-438-5686,Greece,Budget/Accounting Analyst IV
Devon Josilowski,424-331-8854,Philippines,Food Chemist
Kailey Tracy,968-308-3467,Ukraine,Compensation Analyst
Rriocard Clinton,799-943-2574,China,Programmer III
Lawrence Farrens,638-359-9744,Philippines,Product Engineer
Mycah Frampton,858-593-6100,China,Human Resources Assistant IV
Delphinia Garrie,181-328-7817,Uganda,Desktop Support Technician
Alaric Arnason,186-211-0834,Indonesia,Help Desk Operator
Bird Fryatt,427-881-8754,Kenya,Financial Advisor
Thomasin Bentall,735-319-5264,Mali,General Manager
Rickert Warne,802-424-0950,Serbia,Project Manager
Jada Debling,336-880-1329,United States,VP Sales
Jonis Jerrand,257-183-8169,Indonesia,Software Test Engineer II
Ree Mabley,833-783-4664,Russia,Biostatistician IV
Herb Talboy,105-598-9850,Czech Republic,Recruiter
Antonio Allardyce,561-558-9883,China,Programmer Analyst III
Hewet Ineson,540-619-4939,Morocco,Quality Control Specialist
Hallie Szymanowicz,238-401-9413,Greece,Software Consultant
Shayna Jendricke,945-660-5649,Philippines,Accounting Assistant IV
Mayer MacGee,931-918-9410,Belarus,Associate Professor
Portia Pittendreigh,246-428-7569,Brazil,Senior Developer
Scottie Carslake,802-608-9737,China,Help Desk Operator
Madalena O'Sheeryne,885-886-7752,China,Human Resources Assistant IV
Tabbie Marchment,285-815-7583,Haiti,Geologist IV
Ceil Campe,273-900-6118,China,Chemical Engineer
Gert Norssister,909-225-0543,South Africa,Geologist IV
Randie Niaves,665-376-9051,China,GIS Technical Architect
Gill Swatman,126-522-6212,Canada,Assistant Professor
Lefty Olerenshaw,240-217-3199,Brazil,Associate Professor
Tabbi Issett,504-123-6246,Indonesia,Project Manager
Sim Mulvihill,205-169-1480,Philippines,Statistician I
Malorie Coller,227-118-1901,Russia,Associate Professor
Shandra Cato,244-875-5002,Portugal,Human Resources Manager
Una Wagge,967-893-3539,China,Financial Advisor
Mandy Alsopp,990-546-7664,Russia,Payment Adjustment Coordinator
Rudolph Cockney,904-137-8476,Indonesia,Assistant Professor
Tansy McGahey,266-301-8834,Greece,Sales Representative
Blaine Carcas,851-546-4792,South Africa,Senior Financial Analyst
Mose Sowerby,694-882-5370,Philippines,Account Executive
Bryn Heis,864-180-0132,Portugal,Social Worker
Nessie Surgen,872-936-4549,Ukraine,Marketing Assistant
Ryan Moller,769-583-9325,Serbia,Community Outreach Specialist
Melvyn Place,742-890-1503,Sweden,Clinical Specialist
Jakie Byart,962-219-2369,Guatemala,Account Executive
Anabel Becaris,719-147-6655,Bulgaria,VP Sales
Karolina Bontine,359-946-6039,Brazil,Electrical Engineer
Garvin Phelp,804-253-5121,Uganda,Web Designer IV
Judas Leban,327-123-0366,Philippines,Director of Sales
Edith Geibel,987-631-1202,Indonesia,Assistant Media Planner
Alic Croxton,564-546-7865,Sri Lanka,Office Assistant I
Calla Castangia,398-806-5984,Finland,Assistant Professor
Emalee Delhanty,848-480-4506,Finland,Human Resources Assistant III
Lesley Klarzynski,800-799-7725,Poland,VP Product Management
Deane Minot,121-529-7687,Gabon,Human Resources Manager
Micaela Dillestone,697-741-7079,Czech Republic,Research Associate
Abe Millimoe,471-840-7776,Indonesia,Geological Engineer
Meta Bolderstone,162-360-5469,Mexico,Environmental Tech
Ursulina Rany,619-124-4097,Indonesia,Speech Pathologist
Olav Keyzman,968-345-0357,China,Account Representative II
Erin Ibbitson,126-198-3646,Chad,Sales Associate
Sergeant Jacobbe,157-164-6487,Ghana,Civil Engineer
Nicky Babar,864-980-6287,Indonesia,Senior Quality Engineer
Olwen Anthonies,874-844-0345,Philippines,Web Designer II
Des Glowacki,381-875-5654,China,Systems Administrator IV
Vergil Marshman,390-749-6786,Brazil,Quality Engineer
Melonie Samart,808-487-6218,Nigeria,Quality Control Specialist
Nanice Younie,103-455-5028,Yemen,Senior Editor
Derwin Colicot,972-654-9226,Argentina,Administrative Assistant I
Tully Hadwick,901-838-1724,United States,VP Accounting
Brent Littleproud,996-982-9832,Indonesia,Nurse Practicioner
Yolane Samson,403-862-6341,Mexico,Editor
Elisabetta Dalgarno,700-887-7749,Indonesia,Marketing Assistant
Guenevere Pavolillo,164-319-2167,China,Electrical Engineer
Levi Armal,617-721-6093,Indonesia,VP Accounting
Ruddie Bridgwater,870-298-8092,Spain,Senior Cost Accountant
Emalia Rawet,202-794-0538,United States,Statistician III
Peyton Kertess,106-952-5575,Portugal,Nurse
Clare O'Henehan,129-267-6699,China,Engineer IV
Philip Gerold,310-862-9797,Philippines,Senior Financial Analyst
Dode McGrale,249-320-9701,Syria,Graphic Designer
Etienne Dunkersley,399-138-1491,China,Media Manager II
Hilario Saywood,974-800-4577,Bangladesh,Safety Technician I
Lisabeth Dawson,290-361-3976,Russia,Help Desk Technician
Willard Springham,816-457-9957,Russia,Food Chemist
Auguste Cheatle,228-283-3585,Serbia,Web Developer IV
Richie Bisset,169-967-1948,Ukraine,Research Nurse
Erma Libby,760-275-7719,Palestinian Territory,Social Worker
Vaclav Enticknap,567-832-0432,Italy,Geologist I
Esther Lye,648-123-0660,Egypt,Senior Financial Analyst
Pall O Sullivan,915-180-7769,Portugal,Dental Hygienist
Denney Bucher,461-368-2859,Philippines,Teacher
Tobe Collabine,890-502-3566,Paraguay,Media Manager IV
Miguela Brownlea,562-522-3883,Brazil,Database Administrator I
Leonerd Vashchenko,440-437-2310,Indonesia,Developer II
Anstice Wands,569-770-2078,China,Financial Advisor
Drake Julyan,913-797-5936,Norway,Quality Control Specialist
Cori Manske,940-321-3623,Brazil,Speech Pathologist
Cris McCuthais,696-845-5389,Botswana,Financial Analyst
Arly Newart,426-381-6109,Mexico,Geological Engineer
Elayne Lucas,420-218-7791,Philippines,Geologist IV
Clair Heliot,315-235-8146,Portugal,Junior Executive
Ax Rolls,113-865-4818,Indonesia,Nurse Practicioner
Hillyer Defty,162-708-8254,China,Software Consultant
Lottie Swinfen,609-694-8652,Indonesia,Analog Circuit Design manager
Donaugh Enion,139-463-7940,China,Business Systems Development Analyst
Anatollo Sidary,699-958-9615,Indonesia,Business Systems Development Analyst
Toddie Lyfe,113-453-5773,Philippines,VP Product Management
Bertram Sparway,160-499-3921,Namibia,VP Accounting
Cathe Pocke,150-830-3613,Aland Islands,Staff Scientist
Savina MacIlhagga,630-917-5359,Nigeria,Product Engineer
Kellia MacRorie,130-996-0063,Indonesia,Paralegal
Maggi Rivel,324-438-6362,Canada,Biostatistician I
Kenton Lowrie,276-523-6859,Laos,Database Administrator I
Letitia Feehily,176-925-7860,Gambia,Social Worker
Mira Goodinge,448-509-6922,Russia,Human Resources Manager
Margret Akaster,843-782-4568,Thailand,VP Quality Control
Spense Jiruch,772-101-3083,China,Editor
Pebrook Dumbelton,952-496-9418,China,GIS Technical Architect
Moe Geely,847-270-7919,China,Food Chemist
Winnie Stanex,490-911-4667,China,Senior Quality Engineer
Shelba Kacheler,313-867-3259,United States,Cost Accountant
Swen Yedy,601-640-7378,Indonesia,Administrative Officer
Johnna Liverseege,756-384-6699,Peru,Desktop Support Technician
Natka Michael,841-181-4249,Czech Republic,Community Outreach Specialist
Jared Fasset,462-677-1319,Pakistan,Operator
Maryann Heinreich,792-621-7194,China,Product Engineer
Eward Edis,676-866-1156,Yemen,Project Manager
Karie Ballston,200-580-6187,France,Administrative Officer
Edd Denizet,668-297-0397,Sweden,General Manager
Silvia Shearstone,439-442-3673,Peru,Actuary
Aili O'Luby,577-501-3451,Brazil,Nurse Practicioner
Yolande Crosi,766-914-5407,Russia,Financial Analyst
Corrianne Goligly,944-791-7182,Sweden,VP Product Management
Wendi Tax,693-640-8056,Nigeria,Senior Financial Analyst
Ingelbert Zold,283-129-4815,Canada,Structural Engineer
Eileen Eversfield,636-341-2562,Thailand,Recruiter
Martino Heining,571-712-9128,United States,Recruiting Manager
Harp Scotfurth,867-485-2747,Poland,Software Consultant
Elsworth Aleksich,511-399-9273,Nicaragua,Assistant Professor
Fairfax Tanby,655-864-3117,Portugal,Structural Analysis Engineer
Arnie Keave,524-669-4717,China,Account Representative III
Diannne Lucock,793-965-9318,Poland,Accounting Assistant I
Rudolfo Gritland,275-770-3587,Philippines,Food Chemist
Solly Mozzini,430-366-4120,Indonesia,Business Systems Development Analyst
Alexis Patrickson,313-445-1764,Argentina,Geological Engineer
Laurianne Tweed,790-256-8052,Malaysia,Speech Pathologist
Astra Eastwell,265-558-2220,Philippines,Biostatistician IV
Giffard Stoate,806-905-7290,Slovenia,Systems Administrator I
Clemence Northam,744-425-2457,Morocco,Sales Associate
Durant Livermore,519-989-0535,Libya,Technical Writer
Lavinia Delap,941-940-8838,China,Actuary
Mitchell Trunchion,587-619-5885,China,Sales Representative
Eben Tremathick,729-328-7122,Costa Rica,Geologist IV
Risa Farrand,986-826-1840,Canada,Account Executive
Anabal Foxon,454-245-9718,Portugal,Quality Engineer
Zara Ghidoni,994-247-3778,Indonesia,Structural Analysis Engineer
Dom Iveans,594-330-7139,Portugal,Software Engineer IV
Liesa Wilcinskis,728-432-3421,China,Chemical Engineer
Brnaby Lewnden,535-225-0589,China,Occupational Therapist
Dugald Sukbhans,355-706-9822,Indonesia,Web Designer I
Haleigh Brolly,958-239-2421,France,Junior Executive
Jeffrey Larmuth,683-664-2549,Ukraine,Geologist III
Salome Murricanes,434-638-3408,Philippines,Computer Systems Analyst II
Johnath Sales,535-687-2793,Indonesia,Mechanical Systems Engineer
Willie Boldecke,240-670-6047,Philippines,Paralegal
Brandyn Blance,371-871-7332,Greece,Sales Associate
Berri Monteaux,479-763-5470,China,Cost Accountant
Clint Berkelay,469-227-6469,Syria,Operator
Torry Wapple,627-363-4215,Cameroon,Developer IV
Nichol Sheppard,166-866-3099,Sweden,Pharmacist
Virge Absolem,760-121-5907,Vietnam,Quality Control Specialist
Luce Cawthorn,919-821-2407,Russia,Office Assistant IV
Tatiania Steinson,120-782-6399,Panama,Desktop Support Technician
Lenci Brumbye,806-646-4294,Poland,Web Designer IV
Valentine Calbaithe,919-905-5049,Uzbekistan,Community Outreach Specialist
Bevan Yea,304-190-8411,United States,Product Engineer
Lucilia Champion,128-453-1334,Peru,Director of Sales
Correna Trevillion,479-886-4677,Brazil,Associate Professor
Perkin Barnewille,444-687-7449,Poland,Systems Administrator III
Murry Wyles,699-535-9261,Argentina,Structural Analysis Engineer
Elsi Sheaber,760-652-6241,Armenia,Staff Accountant III
Rorke Langhor,896-336-3524,Brazil,Safety Technician II
Bridget Calloway,425-724-8326,Spain,Clinical Specialist
Luce Macrow,528-901-8172,Colombia,Assistant Media Planner
Sheila Fishe,840-388-0582,Taiwan,Human Resources Assistant I
Adi Derrington,987-374-0124,Philippines,Health Coach IV
Fawnia Dahlbom,858-126-9173,Finland,Sales Associate
Annabal Biner,459-288-0351,Armenia,Structural Analysis Engineer
Sibella Abrami,331-241-0199,Ukraine,Web Developer IV
Merrilee Reilinger,753-350-0990,Sweden,Senior Sales Associate
Manon Gadsden,111-812-4559,Ukraine,Account Coordinator
Gilda Edie,841-520-1484,Bosnia and Herzegovina,Quality Engineer
Alli Eringey,340-503-5549,China,Software Engineer IV
Rosita Sickert,292-147-0322,France,Software Consultant
Jemie Gullam,244-141-5056,Indonesia,Food Chemist
Corrinne Sandyfirth,562-955-7614,Brazil,Geologist II
Elisha Yonnie,342-960-1054,Denmark,Human Resources Assistant III
Ansell Rockcliff,209-458-5636,Indonesia,Administrative Assistant II
Mal Francombe,204-403-1159,Vietnam,Web Designer III
Bern Flanders,877-750-2414,China,Environmental Tech
Austine Redmayne,574-696-2941,Indonesia,Senior Editor
Susannah Hallwell,641-716-8769,South Africa,Senior Cost Accountant
Renado Treamayne,596-815-3488,Russia,Assistant Manager
Kettie Capron,374-619-4264,China,Account Executive
Georgianna Kinzett,171-541-2567,Indonesia,Programmer II
Teena Bridge,255-879-6733,Indonesia,Senior Sales Associate
Barbara-anne Riach,682-401-5411,Brazil,Chemical Engineer
Melanie Danaher,792-280-8130,China,Senior Sales Associate
Meredeth Minero,600-842-9633,Brazil,Research Assistant I
Manolo Siebert,706-140-1529,Greece,Marketing Manager
Lyman Pepye,127-160-4991,Kazakhstan,Data Coordinator
Brig Bowler,235-383-5443,Portugal,Analyst Programmer
Marquita Bool,130-260-0536,China,VP Quality Control
Iain Gladbeck,304-234-6168,Sierra Leone,Occupational Therapist
Steven Cottle,507-577-7939,Portugal,VP Accounting
Cissiee Lyle,820-304-8849,Poland,Systems Administrator I
Thalia Cunniam,756-977-8950,Brazil,Marketing Assistant
Wheeler Candish,713-181-5824,Philippines,Senior Cost Accountant
Jonas Sommerlie,746-765-3573,Indonesia,Environmental Tech
Idaline Comelli,514-869-7127,Argentina,Analyst Programmer
Grethel Doull,153-966-3719,China,Software Test Engineer II
Cati Danilenko,132-544-9706,Pakistan,Computer Systems Analyst III
Allegra Goodram,614-619-3195,Indonesia,Clinical Specialist
Nancy Vasyukhin,971-161-5741,Afghanistan,Operator
Devy Chitson,203-110-0895,Mongolia,Associate Professor
Bernetta Poppy,555-756-1073,China,Safety Technician II
Templeton Barendtsen,608-990-0521,Guatemala,Health Coach IV
Roman Fay,589-822-0225,Thailand,Pharmacist
Arni Verick,971-246-6945,China,Environmental Tech
Dosi Mayell,319-844-5844,Norway,Nurse Practicioner
Jonas Stadding,760-212-3423,Indonesia,Compensation Analyst
Hillier Raith,732-862-9047,France,Safety Technician I
Sebastian Osgardby,743-601-4620,China,Engineer II
Genvieve Vials,721-526-4185,France,Actuary
Bertina Boraston,351-434-3904,Russia,Web Designer II
Abel Roney,446-941-7715,Ukraine,Human Resources Manager
Marion Percy,228-820-3960,Russia,Physical Therapy Assistant
Alexandra Nafziger,547-177-5925,Azerbaijan,Assistant Media Planner
Myrtice Eddleston,804-968-3508,South Africa,Assistant Manager
Xavier MacRierie,920-662-1893,Norway,Assistant Manager
Augustine Joselin,443-756-6062,Afghanistan,Dental Hygienist
Dov Squelch,327-817-0557,Indonesia,Automation Specialist II
Mortie Robillard,452-743-9717,Serbia,Office Assistant II
Allie Oleksinski,354-271-1440,China,Technical Writer
Zulema Lindop,901-913-7929,Brazil,Compensation Analyst
Giacomo Sanzio,461-483-1079,Indonesia,Occupational Therapist
Kameko Di Ruggero,186-964-1303,China,Senior Editor
Netti Hurll,148-834-0937,Philippines,Health Coach II
Zebedee Goligly,540-977-9737,Brazil,Sales Representative
Winnie Sowerby,796-418-2009,Ukraine,Librarian
Mair Koubu,646-205-8495,South Korea,Accounting Assistant I
Claude Cousans,418-455-1921,Ukraine,GIS Technical Architect
Davide Hurich,404-121-2478,China,Design Engineer
Tamar Sycamore,949-285-1922,Morocco,Senior Editor
Lilias Pocke,221-470-0244,Indonesia,Systems Administrator IV
Lavina Reiach,508-668-4423,Poland,Chemical Engineer
Patricio Falconar,177-372-5851,Malaysia,GIS Technical Architect
Kelcey Tozer,944-648-4382,Russia,Compensation Analyst
Duffy Killough,159-164-0332,Sweden,Actuary
Kimberley Nand,637-540-0163,Thailand,Financial Analyst
Pall Snead,200-709-3086,Armenia,Social Worker
Darbie Pennini,576-911-8007,Finland,GIS Technical Architect
Car Bigham,145-230-2920,Papua New Guinea,Professor
Ruperto Coils,600-284-0914,Belgium,GIS Technical Architect
Dalt Bonin,890-937-3396,Canada,Community Outreach Specialist
Jen Wadwell,973-462-9243,United States,Design Engineer
Kirstin Seyler,765-913-1946,Indonesia,VP Marketing
Ellen Dickey,228-521-3299,France,Software Engineer I
Jermaine Reightley,382-585-1994,Indonesia,Sales Associate
Lemuel Kubicka,687-468-2425,Portugal,Help Desk Technician
Zabrina Rookes,754-302-8200,Germany,Assistant Manager
Etheline Mozzetti,763-543-2136,Greece,Compensation Analyst
Edyth Lorey,794-278-3118,China,Statistician I
Ronna Durtnal,586-398-2799,Argentina,Sales Associate
Gwenora Sunnex,566-514-9106,China,Graphic Designer
Saxe Sonner,671-820-2651,Indonesia,Statistician III
Auria Yurchenko,828-280-4488,China,Research Assistant II
Jerrilee Patkin,878-171-0923,Philippines,Physical Therapy Assistant
Cristen Tibald,762-606-1443,Sweden,Geologist III
Martie Standering,993-910-9658,China,Marketing Manager
Hugh O'Driscoll,470-727-3309,China,Nurse
Kathlin Blofeld,709-912-3986,Sweden,VP Accounting
Nelie Gircke,257-773-9564,China,Computer Systems Analyst III
Sher Courtonne,402-767-4600,Brazil,Programmer Analyst II
Lulu Keyzor,349-131-5680,Lithuania,Office Assistant I
Mattias Paireman,621-911-0321,China,VP Marketing
Flossie Backshall,369-954-4806,Pakistan,Professor
Cheslie Ketton,752-219-2565,Philippines,Research Assistant III
Celka Sibun,211-184-3677,Brazil,Developer I
Petronilla Davidesco,514-920-4675,Philippines,Account Executive
Julietta Doggrell,659-334-6727,China,Web Designer III
Mira Maher,700-292-2662,France,Civil Engineer
Susanna Treby,302-937-9772,Philippines,Assistant Manager
Yves O'Flaherty,500-405-5247,Russia,Structural Engineer
Tiffie Smyth,463-927-8776,Democratic Republic of the Congo,Financial Advisor
Jeanelle Brymner,202-614-4220,United States,Associate Professor
Kimmy Holyard,747-498-8357,Dominican Republic,Software Test Engineer I
Griffith Limpertz,665-865-1272,Canada,VP Sales
Gussie Shorey,832-689-1388,China,Physical Therapy Assistant
Vassili Welburn,621-412-0818,China,Structural Analysis Engineer
Tome Maddocks,323-861-6398,Croatia,Food Chemist
Dacie Newiss,431-777-9612,Poland,Accountant III
Heidie McConaghy,634-647-5437,Thailand,Research Nurse
Kennith Bizley,610-679-0343,Croatia,Statistician I
Annabel Matz,576-852-1357,China,Automation Specialist II
Noak Keefe,372-529-1832,Indonesia,Civil Engineer
Audre Aslin,907-621-0884,Greece,Quality Control Specialist
Armando Jarry,921-627-5556,Indonesia,Nurse Practicioner
Jobi Brough,342-399-8496,China,Research Assistant I
Chalmers MacTague,227-657-0265,Indonesia,Internal Auditor
Roselia Crates,508-594-1813,Indonesia,Social Worker
Jacintha Fitzroy,214-324-8458,Russia,Director of Sales
Maryann Leathwood,611-165-7959,Malaysia,Help Desk Operator
Electra Yanin,351-934-1081,Poland,Sales Associate
Ulberto Drew,770-604-4937,Uzbekistan,Structural Engineer
Lorna Scibsey,255-360-1540,Russia,Automation Specialist II
Birgit Cubuzzi,579-114-4938,Philippines,VP Quality Control
Randi Leeman,478-612-4242,Sweden,Recruiter
Marcela Matton,352-459-3537,Haiti,Account Coordinator
Archie Hentze,949-649-3578,Guatemala,Cost Accountant
Rodney Sprulls,921-756-8062,Japan,Engineer I
Anni Piddington,597-962-6210,China,Nuclear Power Engineer
Afton Ochiltree,649-898-2037,France,Senior Sales Associate
Fern Joy,403-976-0958,Iran,Executive Secretary
Sansone Annets,703-759-0296,United States,Developer II
Lia Normand,612-545-8741,Indonesia,Web Designer III
Leonelle Noteyoung,486-579-0381,Netherlands,Compensation Analyst
Ariel Cobbled,675-604-6012,Russia,Food Chemist
Alie Aiken,839-917-6248,China,Occupational Therapist
Bale McGeachy,299-742-7702,China,Human Resources Assistant IV
Adorne Attenbarrow,648-432-3487,Argentina,Paralegal
Cristiano Scholard,892-901-6722,Indonesia,Director of Sales
Elias Junkin,852-719-2140,China,Assistant Media Planner
Livy Trudgian,401-437-3167,Russia,Research Nurse
Marabel Lefeuvre,736-751-4481,Canada,Senior Financial Analyst
Issie Luttgert,990-324-7712,China,Nurse
Erhard Pykerman,163-812-6153,China,Librarian
Rockie Eggers,134-707-6632,China,Web Designer IV
Hector Dawnay,212-794-1078,Indonesia,Marketing Manager
Gert Hargie,595-860-5581,Ivory Coast,Help Desk Operator
Rori Cowe,574-466-7020,China,Information Systems Manager
Ty Elt,722-307-4113,Philippines,Marketing Manager
Gloriana Mynett,704-294-3978,Bulgaria,Media Manager II
Anselma Whorlow,404-733-3469,Poland,Software Test Engineer IV
Dianemarie Bispham,272-616-9640,China,Analyst Programmer
Hanni Milam,489-428-6841,Poland,Research Assistant II
Hyacinthe McDowall,673-608-1748,Portugal,Product Engineer
Lindsey Shaudfurth,904-164-2426,Poland,Nurse
Tudor Dumbreck,170-847-6901,China,Social Worker
Ianthe Baumber,589-812-1358,Indonesia,Senior Financial Analyst
Mommy Episcopio,643-806-5889,Ukraine,Executive Secretary
Zebadiah Conahy,169-790-0311,China,Office Assistant II
Jamison Coners,628-200-1845,Indonesia,Developer IV
Mabel Tennet,403-955-1732,South Africa,Analog Circuit Design manager
Mercedes Boyan,632-548-2244,United Kingdom,Librarian
Cate Bourdice,779-130-3053,Poland,Nurse
Tabby Udell,518-948-2102,Indonesia,Geologist II
Sonia Noirel,563-962-1051,Iran,Environmental Specialist
Benji Knowles,773-912-9343,Yemen,Operator
Odessa Danshin,540-227-2227,Russia,Recruiter
Abbott Hewson,971-530-8858,Czech Republic,Health Coach IV
Loise Tedorenko,919-370-3264,Japan,Senior Editor
Feodora Guilloneau,983-422-0737,Mexico,Developer III
Cynthia Severn,576-884-9359,Russia,Account Executive
Pincus Falcus,617-263-7379,Brazil,Biostatistician II
Theresina Filoniere,118-994-3633,Philippines,Research Nurse
Rolando Mees,458-602-0487,Indonesia,Safety Technician II
Gearalt Yashunin,334-685-2045,China,VP Accounting
Glen Rosindill,287-117-9834,Ghana,Help Desk Technician
Selena Shortcliffe,663-907-5605,Brazil,Programmer Analyst IV
Norma Nowaczyk,748-364-2532,Brazil,Assistant Media Planner
Andi Pretswell,861-349-8862,Sweden,Web Designer I
Parsifal Charrisson,591-491-9419,Sweden,Tax Accountant
Karoly Blaxall,875-788-2801,Ireland,Analog Circuit Design manager
Scot Cruce,553-383-8318,Portugal,Staff Accountant II
Egon Bessey,935-623-3615,France,Information Systems Manager
Hort Gilhool,233-622-4867,Yemen,Graphic Designer
Octavia Park,511-712-7907,Indonesia,Community Outreach Specialist
Letisha Albarez,194-572-6839,China,Financial Analyst
Carmen Moore,690-827-9141,China,Office Assistant IV
Beatrix Heatlie,760-626-3856,United States,Sales Associate
Addie Scrowton,796-219-5173,Argentina,Automation Specialist I
Locke Ben,215-966-7133,United States,Web Designer II
Nathaniel Livings,555-291-3868,Burkina Faso,Mechanical Systems Engineer
Kaye Macauley,815-512-9380,China,Help Desk Technician
Rici Issacoff,426-251-3679,China,Pharmacist
Simone Gavaghan,163-203-3817,Estonia,Electrical Engineer
Pearce Jerrard,352-487-8710,Poland,Registered Nurse
Harold Gynn,872-193-9296,Moldova,Geological Engineer
Grange Belin,570-412-2590,Nepal,Quality Engineer
Zarla Mottini,264-727-7264,Colombia,Web Designer IV
Ebeneser Bradlaugh,579-821-7003,Sierra Leone,Pharmacist
Iorgos Gavrielly,797-111-1406,Poland,Financial Analyst
Cary Stigger,652-963-2169,Indonesia,Nurse Practicioner
Audrie Fawthrop,574-816-8124,Portugal,Account Coordinator
Zilvia Killingsworth,563-990-4728,France,Design Engineer
Marney Fowell,774-640-4841,Brazil,Director of Sales
Otho Markel,998-374-8606,China,Sales Representative
Felicle Stopher,891-336-1682,Peru,Programmer Analyst IV
Any McGeraghty,258-934-2958,South Korea,Speech Pathologist
Elisha Rebichon,573-707-1920,Japan,Compensation Analyst
Luise Clemot,602-718-6261,China,Professor
Rebeka Stranks,517-588-3098,Portugal,Accounting Assistant IV
Caddric Griggs,926-695-3240,China,Paralegal
Arliene Bales,133-169-1141,Greece,Analyst Programmer
Herta Oldroyd,295-831-1140,France,Computer Systems Analyst III
Terry Shade,861-286-4506,Brazil,Product Engineer
Colleen Brugger,833-560-4316,Brazil,Sales Representative
Lita Senescall,368-310-9782,France,Recruiter
Cindra Mingardi,306-350-1733,Iraq,Community Outreach Specialist
Brandea Shildrick,941-767-0378,Indonesia,Graphic Designer
Kathye Panks,730-922-9018,Vietnam,Research Assistant I
Edan Gindghill,903-135-4614,Venezuela,Research Associate
Cam Huglin,643-494-7838,China,Budget/Accounting Analyst IV
Edgar Baudasso,877-831-2122,Ukraine,Human Resources Assistant IV
Horatius Benettelli,493-383-9641,Japan,Research Associate
Gilburt MacDaid,940-236-3396,Russia,Occupational Therapist
Zia Emes,986-990-6107,Philippines,GIS Technical Architect
Elsi Gransden,712-563-4539,Croatia,Quality Control Specialist
Tabbi Axford,298-553-2375,Portugal,Product Engineer
Clim Durward,848-720-3785,Argentina,General Manager
Odele Ivanyushin,638-718-8388,Peru,Quality Control Specialist
Paule Dunstone,507-696-1374,Indonesia,Geologist II
Aeriell Weiser,211-179-2550,China,Data Coordinator
Ree Condliffe,740-751-0279,South Africa,Mechanical Systems Engineer
Otis Mitchenson,297-863-9356,Croatia,Technical Writer
Gabe Westcot,860-465-9572,Philippines,Staff Accountant II
Cortie Pickett,966-985-1175,Portugal,General Manager
Jacquelyn Snaddin,999-503-0114,Philippines,Web Developer IV
Jamaal Bellord,431-319-3301,Czech Republic,Web Developer II
Elwyn Foster-Smith,135-656-6294,Russia,Automation Specialist III
Mendel Nott,681-823-4331,Russia,Clinical Specialist
Arie McCann,138-411-6477,Russia,Account Executive
Horten Medhurst,543-877-5900,Russia,Account Representative II
Nicholle Jelliman,645-396-0796,Sweden,Analog Circuit Design manager
Chadd Bruggen,742-493-4820,Honduras,VP Marketing
Orlan Shiell,190-940-1653,Norway,Statistician IV
Marion Greguoli,895-529-6414,China,Junior Executive
Land Hambidge,612-861-2140,Egypt,Operator
Faulkner Kemell,363-949-8675,Portugal,Professor
Tamara Witchell,321-522-1385,Jordan,Electrical Engineer
Hartley Alliot,699-606-3717,Brazil,Programmer Analyst I
Hall Yeats,891-838-3748,Russia,Senior Editor
Brandyn Shekle,413-687-1151,China,Systems Administrator II
Yorgo Seymark,328-513-0092,Kiribati,Administrative Officer
Arvy Halwell,405-399-6183,United States,Statistician I
Tiffanie Di Ruggero,699-167-3679,Indonesia,Quality Control Specialist
Bertrand Seabert,217-875-7105,China,Media Manager IV
Garreth Morgon,624-309-0727,Brazil,Staff Scientist
Garrot Down,291-745-2123,Iran,Senior Sales Associate
Zerk Derrington,821-696-9964,Japan,Automation Specialist I
Drusie Corbin,571-540-6277,United States,Statistician II
Buddie Rayment,119-447-8643,China,Senior Editor
Randie Coathup,941-254-3666,Zambia,Nurse
Pauli Bertome,945-207-3692,Peru,Compensation Analyst
Westbrook Calam,648-508-3836,China,Sales Associate
Gay Elfleet,172-728-7071,Indonesia,Assistant Manager
Karee Hurley,609-430-7157,Kazakhstan,Director of Sales
Carissa Stronack,468-228-2372,Palestinian Territory,Office Assistant II
Shermy Ilyasov,779-931-2873,Portugal,Systems Administrator III
Duffie Richmont,207-698-2144,Poland,Technical Writer
Alair Jiruca,980-533-5524,Indonesia,Librarian
Elvyn De la Yglesias,366-573-9794,Russia,Account Representative II
Madelaine Presnell,346-303-0319,Portugal,Internal Auditor
Analise McKibben,702-186-3857,China,Software Consultant
Hollyanne McCarthy,670-742-6104,Indonesia,Environmental Specialist
Freddie Gilleon,932-679-1921,Indonesia,Junior Executive
Berget Coltherd,628-689-7816,Indonesia,Research Associate
Myrtice Soreau,438-309-0435,Nigeria,Structural Engineer
Lavena Lawtey,663-147-6089,Honduras,Director of Sales
Kaela Stallibrass,432-821-1229,Indonesia,Technical Writer
Westbrook Winders,259-267-1607,Tunisia,Financial Analyst
Meridel Aggas,289-939-6446,Poland,Programmer III
Dione Bentley,590-486-5961,China,Nurse Practicioner
Tresa Fearnehough,170-318-6122,China,Human Resources Manager
Micky Tome,116-608-1059,China,Software Engineer I
Clywd Skechley,752-217-7876,China,Teacher
Carmen Halston,965-746-8046,Ethiopia,Accounting Assistant II
Abbey Curnick,967-599-2903,Indonesia,Staff Accountant III
Darya O' Neligan,236-427-0332,Japan,VP Quality Control
Jarrett Rymmer,675-741-2019,China,Editor
Tobey Bilby,576-140-1581,China,Geological Engineer
Maryann Pottell,822-615-5961,Czech Republic,Engineer I
Hyatt Gorham,165-141-0209,Bulgaria,Senior Financial Analyst
Quent Ambroziak,458-625-3431,Croatia,Staff Scientist
Elizabet Landrick,519-620-3854,Greece,VP Sales
Joel Elston,751-236-6199,Russia,Technical Writer
Sacha Ferrelli,452-171-2870,Madagascar,Cost Accountant
Wilhelmina Crathern,874-885-8377,Chile,Software Test Engineer I
Eydie Tallon,565-731-1864,China,Project Manager
Randolph Glasbey,686-955-4108,China,Systems Administrator II
Archer Kyberd,535-801-4151,Indonesia,Administrative Officer
Claudetta Ferencz,839-736-3545,Philippines,Budget/Accounting Analyst IV
Harrietta Brewse,899-273-6206,Poland,Pharmacist
Carmina Ganter,277-831-0757,China,Actuary
Laurette Gregoire,866-339-0920,Japan,Administrative Officer
Dion Hutchin,472-996-2900,Syria,Cost Accountant
Rosalinda Melluish,365-286-0993,China,Assistant Media Planner
Clara Danshin,740-444-6976,China,Geologist I
Susie Barthrop,426-149-8507,Poland,Nuclear Power Engineer
Parke Espadero,400-112-3537,China,Cost Accountant
Joelynn Schutter,525-514-8314,China,Analyst Programmer
Xerxes Pickworth,747-711-8326,Azerbaijan,VP Quality Control
Sean Daintier,673-324-9303,Portugal,Help Desk Operator
Starla Bettleson,972-270-8676,China,VP Sales
Rebeka Habbeshaw,754-904-2415,Japan,Pharmacist
Park Filipponi,153-672-1135,Brazil,Compensation Analyst
Norton Chattington,511-362-0498,Philippines,Recruiter
Jo ann Dare,365-579-8392,Bhutan,Account Coordinator
Lane Mynard,272-932-6262,Mongolia,Staff Scientist
Faye Primak,728-787-8769,Indonesia,Cost Accountant
Dulcia Onions,739-897-2750,Thailand,Physical Therapy Assistant
Rocky Ledward,179-632-6011,China,Internal Auditor
Cornelius Pannaman,284-312-9810,Cameroon,Research Associate
Johann Frankes,337-469-9053,Colombia,Statistician IV
Elianore Standbrook,170-521-6073,Indonesia,Executive Secretary
Maurizia Wines,322-301-8298,Portugal,Database Administrator I
Reagen Stook,662-745-2852,Poland,Business Systems Development Analyst
Malinda Schoenfisch,347-536-8503,Mongolia,Professor
Sallyanne Sherwood,766-257-9248,China,Programmer Analyst II
Kay Besnard,620-361-2972,Brazil,Food Chemist
Benedicto Berggren,421-180-1464,Japan,Recruiter
Ignazio Clace,375-972-6946,Haiti,Electrical Engineer
Claudia Dobrovolski,610-862-0683,China,Assistant Professor
Aubert Anelay,952-968-9168,Canada,Graphic Designer
Pier Pendergast,380-191-8216,China,Software Engineer I
Tabor Withey,842-414-6335,Argentina,Accounting Assistant II
Creigh Caunt,456-109-1204,China,Help Desk Operator
Ambrosi Sawford,769-942-2023,Russia,Sales Representative
Vivyanne Botham,409-379-2763,Tunisia,Pharmacist
Tremaine Drivers,483-716-7783,China,VP Accounting
Virgina McKelloch,244-892-4006,Cape Verde,Statistician III
Sibylle Somerton,587-921-2650,Indonesia,Assistant Manager
Seamus Laville,500-157-6719,Democratic Republic of the Congo,Design Engineer
Pattie Grissett,894-187-5388,Canada,Chemical Engineer
Brena Clyde,423-588-2047,Brazil,Sales Associate
Fanya Danielski,909-863-8980,Indonesia,Physical Therapy Assistant
Kelly Trounce,759-323-1751,France,Software Engineer IV
Gawain Sitlington,469-190-7808,Japan,General Manager
Harriet Saltmarshe,189-586-1237,Finland,Engineer I
Corny McIsaac,325-712-9517,China,Recruiter
Emlen Flatte,623-927-8998,Indonesia,Environmental Specialist
Estelle Quant,147-629-2271,China,Staff Accountant III
Arlan Fauguel,487-680-3911,Finland,Sales Associate
Pauly Andryszczak,677-944-4999,Belize,Assistant Manager
Francine Musto,681-230-8810,China,Data Coordinator
Tadd Skate,948-911-5241,Jamaica,Chief Design Engineer
Odelinda Halworth,798-709-4285,Japan,Financial Advisor
Rosabelle Traise,330-879-8202,Sweden,Senior Cost Accountant
Moise Bilbery,259-490-5730,Philippines,Recruiter
Addia Rosenberger,135-782-3832,France,Design Engineer
Jermaine Alliberton,738-348-6451,Brazil,Pharmacist
Leeanne Hughes,230-970-9444,China,Structural Engineer
Farlie Caen,613-592-9798,China,Tax Accountant
Rachel De Rye Barrett,652-943-2375,China,Statistician IV
Bartholomeo Cunney,309-779-9466,Brazil,Quality Engineer
Doy Yakhin,703-183-6484,Armenia,VP Marketing
Inesita Nannetti,487-629-3569,China,Database Administrator IV
Alaric Graybeal,555-595-6878,China,Environmental Tech
Carleton Clapp,192-694-3229,China,Speech Pathologist
Shellysheldon Van De Cappelle,261-942-8526,China,Human Resources Manager
Atlanta Floch,500-198-5223,Greenland,Statistician II
Tobi Tucknutt,801-429-8986,China,Health Coach II
Ophelie Doers,900-653-7037,Indonesia,Accountant II
Verene Camings,907-796-4071,Russia,Actuary
Allix Beels,235-434-7683,Argentina,Programmer III
Philip Dulinty,299-288-1974,China,Analog Circuit Design manager
Bronnie Mattaser,355-892-9986,Argentina,Human Resources Manager
Ophelia Boutwell,930-520-3781,China,Accountant II
Bernhard Stronough,904-485-3711,Peru,GIS Technical Architect
Amalle Oloshin,133-770-2806,Sweden,Research Assistant I
Harlen Enterle,560-347-1132,Philippines,Engineer I
Allegra Koche,141-500-1714,Ukraine,Computer Systems Analyst I
Sawyer Call,360-447-9940,Bangladesh,Accountant I
Krista St. Hill,128-407-8854,China,Environmental Tech
Guillaume Tedman,174-474-4695,Lithuania,Senior Quality Engineer
Rancell Conlaund,392-630-7301,Russia,Programmer Analyst III
Leola Merrywether,863-527-9728,Poland,Human Resources Manager
Bobbie Casetta,169-110-7042,Philippines,Office Assistant III
Chloe Alldre,202-481-7566,Indonesia,Senior Developer
Bev Tame,572-953-8513,Russia,VP Accounting
Myer Gurdon,547-747-3904,Indonesia,Nurse
West Lourenco,758-937-2505,Brazil,Physical Therapy Assistant
Hedvige Durling,230-960-9731,New Caledonia,Paralegal
Pall Eccleston,505-586-7731,Ireland,Executive Secretary
Corby Lesly,164-310-0327,China,Geological Engineer
Jamie Flintiff,111-831-0639,Japan,Tax Accountant
Sigfried Huzzay,491-185-6334,Zambia,Compensation Analyst
Addy McNern,963-213-5326,China,Social Worker
Darlleen Keeton,310-449-1929,Ireland,Tax Accountant
Bertrando Pottage,950-949-1669,Indonesia,Account Executive
Jacenta Matteotti,263-615-8689,France,Chief Design Engineer
Dannel Doy,152-919-5554,Sweden,Legal Assistant
Legra Evelyn,751-371-3067,China,Help Desk Technician
Filippa Fairhead,727-577-0923,United States,Senior Developer
Adrianne Nudd,548-972-4339,China,Editor
Pearce Febvre,977-409-7108,Sweden,Environmental Specialist
Dareen Muge,480-340-6909,Guatemala,Human Resources Manager
Sheff Ogglebie,889-431-7388,Thailand,Software Engineer IV
Thorny Wall,725-193-9839,Morocco,Physical Therapy Assistant
Alexandrina De'Vere - Hunt,739-140-5853,Indonesia,Dental Hygienist
Frieda Liptrod,996-550-5410,Russia,Software Engineer II
Erny Shoreson,664-887-6758,Sweden,VP Product Management
Jarvis Kermode,581-388-6948,Philippines,Office Assistant III
Aubrey Ponter,784-890-4375,Canada,Engineer III
Phylys Kleinhaus,902-757-0783,Vietnam,Quality Engineer
Carmita Knok,766-269-3519,South Africa,Teacher
Dori Schwier,605-449-1609,China,Sales Representative
Donella Bantham,444-384-6447,Thailand,Human Resources Manager
Evonne Crabbe,672-572-4418,Brazil,General Manager
Judy Cowap,197-468-3569,Indonesia,Web Developer IV
Carine Oiller,848-479-3652,China,Software Engineer IV
Maryrose Pettett,333-492-9363,Afghanistan,Programmer Analyst IV
Dani Brabben,929-934-6595,China,Financial Advisor
Marthena Grindall,920-947-5476,Indonesia,Senior Financial Analyst
Kalina Sawley,177-121-7949,Indonesia,Editor
Jerrilyn Tuckwell,994-489-5151,China,Senior Financial Analyst
Eleanor Christauffour,229-311-5479,Philippines,Research Associate
Kylila Noraway,106-882-2839,Philippines,Librarian
Neron Wharram,159-478-2463,Russia,Structural Analysis Engineer
Zebedee Clowser,587-898-5596,Poland,Project Manager
Flynn Brawley,663-591-3072,France,Environmental Tech
Glynis Haymes,769-228-7082,Portugal,Structural Analysis Engineer
Calida Mellon,104-740-1790,China,Desktop Support Technician
Valida Kwietak,325-917-9402,Taiwan,VP Accounting
Fernandina Bolstridge,782-125-7133,Indonesia,Business Systems Development Analyst
Bernice Berthome,387-351-2374,Spain,Quality Control Specialist
Yetta Tunny,395-309-3682,Laos,Administrative Officer
Andriana Brideaux,599-747-7091,Poland,Geological Engineer
Blythe Hatwells,430-103-0502,Poland,Software Engineer I
Graham Firks,277-288-6223,Indonesia,Automation Specialist I
Gaspar Logue,349-690-0862,Brazil,Media Manager II
Morse Standing,867-727-4923,Botswana,VP Product Management
Kerwin Ledwith,172-135-6266,Honduras,Librarian
Flory Flinders,341-396-6849,China,Account Executive
Dahlia Stiegars,848-553-0686,Indonesia,Help Desk Operator
Paton Hutcheon,580-322-4765,Indonesia,Software Engineer III
Preston Lescop,928-763-6453,Indonesia,Administrative Officer
Callida Ferrino,485-582-2990,China,Electrical Engineer
Auguste Connolly,871-961-6360,Croatia,Programmer Analyst I
Noni Tithacott,323-418-5151,Philippines,Media Manager II
Roobbie Fillingham,435-693-1313,Sweden,VP Quality Control
Janeta Mayhou,676-418-7911,China,Developer II
Alfy Gerriessen,989-251-2485,Argentina,Human Resources Assistant II
Arley Nuttall,558-961-3406,China,Nurse
Evelyn Fulton,129-960-8250,Thailand,Accounting Assistant II
Del Joseland,984-892-7287,Brazil,Librarian
Margalo Maestro,704-473-8274,Ukraine,Quality Engineer
Ursuline Waby,755-164-3857,Indonesia,Quality Control Specialist
Effie Cardinale,866-232-5597,Finland,Tax Accountant
Auberta Scrivenor,411-578-8546,Indonesia,Quality Control Specialist
Jamie Ibbotson,471-549-1607,Cameroon,Occupational Therapist
Marysa Tripe,271-698-3062,Dominican Republic,Business Systems Development Analyst
Samson Franklen,393-384-3891,Indonesia,Nuclear Power Engineer
Laryssa Bunting,699-128-1844,Indonesia,Chief Design Engineer
Maridel Hawe,673-539-6965,China,Chemical Engineer
Fran Reburn,321-316-7217,Mongolia,Electrical Engineer
Giovanna Lowdeane,683-226-5405,China,Tax Accountant
Letizia Skelton,153-690-8291,Japan,Geological Engineer
Thoma McCrory,170-641-8938,China,VP Sales
Brennan Spinetti,247-482-1962,Russia,Developer II
Magdalene Raeburn,924-711-4330,Norway,Help Desk Operator
Linnet Crich,229-782-9452,China,Web Designer IV
Tiffani Leitch,185-812-7695,Kazakhstan,Senior Quality Engineer
Kaleena Arnholtz,606-890-8081,Poland,Chief Design Engineer
Rolando Heam,306-635-7442,Poland,Physical Therapy Assistant
Kyle Kestian,746-218-8135,South Korea,Civil Engineer
Danika Luchetti,858-164-3432,Venezuela,Senior Cost Accountant
Benton Bend,728-572-3587,China,Budget/Accounting Analyst IV
Falito Poyzer,331-453-3904,Finland,Data Coordinator
Howey Svanini,215-394-0226,France,Web Designer II
Gui Waldock,120-913-0570,Portugal,Tax Accountant
Forrest Fairnington,203-400-2296,China,Marketing Manager
Kane Ayto,437-417-2240,Malawi,Dental Hygienist
Robby Peachment,309-565-1739,Uganda,Compensation Analyst
Grete Haitlie,652-576-2630,Colombia,Product Engineer
Vita McKimm,624-718-4936,Nigeria,Speech Pathologist
Kane Buyers,284-795-1001,Indonesia,Paralegal
Elwira Brevetor,355-486-2640,Portugal,Mechanical Systems Engineer
Flynn Tetford,870-713-6655,Uruguay,Electrical Engineer
Smith Leggin,859-531-9012,Afghanistan,Senior Developer
Rance Huband,346-760-7030,China,Payment Adjustment Coordinator
Tory Troni,129-362-7222,Russia,Quality Control Specialist
Martguerita Jefferson,540-761-8297,Philippines,Human Resources Manager
Paddie Mangin,256-107-8716,France,Developer I
Andy Durram,758-302-9554,Indonesia,Systems Administrator IV
Pandora Simonard,816-237-1858,Ethiopia,Account Representative II
Kelly Grey,384-335-9385,Serbia,Engineer I
Avie Herries,832-285-3335,China,Safety Technician IV
Dietrich Arrigo,581-108-1097,Indonesia,Clinical Specialist
Desmund Howroyd,970-514-7526,China,Data Coordinator
Leigh Tours,374-481-7171,China,Account Coordinator
Myrtice Saleway,840-831-7583,Indonesia,Product Engineer
Jasmin Gilardone,315-165-8018,Dominican Republic,Account Coordinator
Gavan Mayo,543-580-7723,Philippines,Social Worker
Aldis Taillant,293-984-5853,Croatia,Assistant Professor
Celeste D'Alesio,665-876-6050,Palestinian Territory,Registered Nurse
Myron Claxson,610-872-2034,China,Speech Pathologist
Sean Wickey,835-391-9931,Philippines,Health Coach II
Leonidas Buffery,611-479-3198,Sweden,VP Sales
Caritta Grieveson,315-201-2639,Palestinian Territory,Web Developer III
Evangelin Fink,628-283-8277,Indonesia,Compensation Analyst
Devon Lytton,476-912-7832,Estonia,Quality Engineer
Alyse Quilter,701-979-3241,Poland,VP Quality Control
Esma Maltman,427-264-3215,Kenya,Human Resources Assistant II
Candi Calwell,713-216-4139,Venezuela,VP Marketing
Gardiner Eastwell,194-772-3703,Sweden,Automation Specialist I
Abagael Been,202-350-9141,Japan,Financial Analyst
Zelig Twining,457-971-5653,Serbia,Dental Hygienist
Rik Nangle,584-114-6570,Uzbekistan,Accountant II
Stacia Felkin,729-463-5679,Ecuador,Database Administrator III
Vonnie MacHostie,487-428-6883,Canada,Executive Secretary
Charlotta O' Sullivan,803-217-3664,Albania,Payment Adjustment Coordinator
Gun Dally,567-644-3137,Colombia,Payment Adjustment Coordinator
Rowan Karlmann,277-903-6495,Cameroon,Sales Associate
Agace Shortt,560-504-1605,Kazakhstan,Analyst Programmer
Mavra Jarmain,994-910-4408,Brazil,Account Executive
Tobias Martynov,460-265-4337,China,Chief Design Engineer
Joice Vido,280-850-6636,Poland,Senior Developer
Lew Yorke,452-433-6309,Argentina,Junior Executive
Calvin Heilds,409-215-1587,Russia,Senior Developer
Noelle Rawlyns,112-896-3973,Poland,Quality Engineer
Adrianne Stern,584-946-8930,Portugal,Environmental Tech
Austen Billie,111-804-8887,Indonesia,Librarian
Giff Littrik,295-922-6011,Argentina,Staff Accountant IV
Danika Clilverd,167-663-9120,Nigeria,VP Sales
Chanda Hanson,624-322-5862,Russia,Project Manager
Sandra Sedgemond,633-257-5836,Lebanon,Programmer IV
Wilone Zmitrichenko,244-666-7888,China,Research Associate
Shamus Rubenovic,372-444-5406,Kenya,Mechanical Systems Engineer
Aurora Bampkin,916-703-7920,Russia,Editor
Aggi Hobell,962-846-7749,China,Accounting Assistant IV
Allyson Loughran,860-709-6116,South Korea,Registered Nurse
Brok Hinkes,921-615-8179,Brazil,Senior Cost Accountant
Deerdre Chittim,832-327-0417,Bulgaria,Automation Specialist I
Caryn Legg,764-800-0577,Colombia,Administrative Assistant IV
Modestia De Freyne,167-990-0116,Albania,Desktop Support Technician
Riordan Maloney,280-653-2828,Samoa,Director of Sales
Griswold Barendtsen,993-502-8458,Spain,Graphic Designer
Sayer Edgehill,838-704-3468,China,Budget/Accounting Analyst I
Cyrus Branton,372-383-2253,Russia,Operator
Delly Rao,681-683-0396,Czech Republic,Office Assistant IV
Vanna Mordon,340-548-1699,Nigeria,Nurse
Gareth Brim,410-610-1088,China,Executive Secretary
Lucretia Fydoe,543-125-7081,Portugal,Biostatistician I
Beverlie Vedikhov,397-753-7745,Togo,Software Test Engineer I
Fara Rimington,811-638-4253,Botswana,Health Coach II
Lian Veivers,387-488-8951,China,Budget/Accounting Analyst I
Melitta Pfiffer,700-686-3704,Sweden,Geological Engineer
Bobbette Mattioni,365-590-4800,Poland,Media Manager I
Yehudit Penniall,728-532-0751,Niger,Web Developer I
Annice Evershed,312-452-4151,Russia,Food Chemist
Thane Filgate,248-667-8184,Ireland,Assistant Manager
Robbie Beveredge,452-241-9077,Sweden,Systems Administrator I
Galina Hayter,767-665-1327,Nigeria,Geologist II
Tildy Shatford,622-671-5293,Myanmar,Staff Accountant I
Timothee Alabaster,616-560-2490,Russia,Mechanical Systems Engineer
Sybilla Wolfinger,438-643-1497,South Africa,Help Desk Technician
Selby Schuler,118-158-3534,China,Professor
Gar Reace,511-737-0918,Pakistan,Paralegal
Simmonds Jessopp,335-153-3402,Colombia,Media Manager III
Syman McCluin,770-383-8192,China,Accounting Assistant II
Faye Maffini,130-307-5935,Portugal,Accountant II
